feature,importance
E,0.18850273689456787
R,0.17060648803832898
D,0.13153380565162656
K,0.10957543907207457
sheet_prop,0.06909081295028673
avg_hydro,0.05999093189982231
molecular_weight,0.03844766435627476
max_hydro,0.03271533300901619
helix_prop,0.02142601689086311
coil_prop,0.01903290620108151
S,0.01418756691328482
A,0.013472511413208548
L,0.013099017517937885
G,0.012391449884503268
Q,0.012088467444911264
P,0.011783083626270187
V,0.011364175439946866
T,0.011240068402790957
N,0.009337005840161509
I,0.007680148098258916
H,0.007020162229696118
pos_fraction_N5,0.006790953215728014
F,0.006515966332165394
C,0.006511413993919527
Y,0.0059821175534036835
M,0.005545244261502437
W,0.004068512868367918
