feature,importance
L,0.18623110722073205
max_hydro,0.1855975892937971
avg_hydro,0.14975666687181347
sheet_prop,0.052723653852126816
net_charge,0.041785888150134474
molecular_weight,0.038798897924634076
coil_prop,0.036906001725495546
helix_prop,0.029484955748935393
D,0.026238293806780652
W,0.025775828682244144
E,0.02053210889371241
R,0.0199085206649106
A,0.0182255331371765
G,0.01819192588505596
F,0.01579379086113187
N,0.014233206669510392
S,0.01404954353670087
V,0.01357326566995702
pos_fraction_N5,0.013238389237141174
P,0.01240004168402811
C,0.011794542441933032
K,0.011015063745885326
I,0.00965009114581572
T,0.009310888952845778
Q,0.007984445674400395
Y,0.005975672774504327
H,0.005580730349578081
M,0.0052433553990188
