kernel,mean_accuracy,std_accuracy
linear,0.7932835820895523,0.022379766291427808
rbf,0.7798507462686567,0.026208093912568998
poly,0.7748756218905473,0.019791367443697583
sigmoid,0.7330845771144279,0.043922205879290015
