kernel,mean_r2,std_r2
linear,0.6580051453899968,0.03856831029693232
rbf,0.6133672922701413,0.03779121981877805
poly,0.509002617597387,0.06772193642338918
sigmoid,-1.3324049897881394,0.4004314202024472
