kernel,mean_accuracy,std_accuracy
linear,0.9609452736318408,0.004057091151815932
rbf,0.9664179104477613,0.00078663623387271
poly,0.9539800995024876,0.004449886522387639
sigmoid,0.9343283582089553,0.004337212879144941
