fold	precision	recall	f1	mcc	pr_auc	roc_auc
0	0.9771428571428571	0.9715909090909091	0.9743589743589743	0.9712508500259515	0.994015935973487	0.9992529097200378
1	0.9774011299435028	0.9885714285714285	0.9829545454545454	0.9808969864176613	0.9527565788759788	0.9939614434008898
2	0.976878612716763	0.9657142857142857	0.9712643678160919	0.9678243526968534	0.9861598564536572	0.994831816383063
3	0.9405405405405406	0.9942857142857143	0.9666666666666667	0.9629710211975797	0.9714521003648496	0.9964740799366838
4	0.9774011299435028	0.9885714285714285	0.9829545454545454	0.9808955496949079	0.9854050980619835	0.9981757024139296
