Model	Precision	Recall	F1	MCC	PR_AUC	ROC_AUC
Von Heijne (PSWM)	0.62	0.72	0.67	0.64	0.782	0.954
SVM (selected features)	0.86	0.89	0.87	0.84	0.911	0.985
CNN (N-term 150 aa)	0.9427312775330396	0.9727272727272728	0.9574944071588367	0.9523729366958023	0.9786762099315424	0.9977247558642908
