{
    "-13": {
        "A": 0.09392265193370165,
        "C": 0.022099447513812154,
        "D": 0.0055248618784530384,
        "E": 0.0055248618784530384,
        "F": 0.07734806629834254,
        "G": 0.027624309392265192,
        "H": 0.0055248618784530384,
        "I": 0.08839779005524862,
        "K": 0.0055248618784530384,
        "L": 0.39779005524861877,
        "M": 0.0055248618784530384,
        "N": 0.0055248618784530384,
        "P": 0.016574585635359115,
        "Q": 0.0055248618784530384,
        "R": 0.016574585635359115,
        "S": 0.055248618784530384,
        "T": 0.016574585635359115,
        "V": 0.11602209944751381,
        "W": 0.027624309392265192,
        "Y": 0.0055248618784530384
    },
    "-12": {
        "A": 0.07734806629834254,
        "C": 0.03867403314917127,
        "D": 0.0055248618784530384,
        "E": 0.0055248618784530384,
        "F": 0.055248618784530384,
        "G": 0.027624309392265192,
        "H": 0.0055248618784530384,
        "I": 0.08839779005524862,
        "K": 0.0055248618784530384,
        "L": 0.3812154696132597,
        "M": 0.022099447513812154,
        "N": 0.011049723756906077,
        "P": 0.0055248618784530384,
        "Q": 0.0055248618784530384,
        "R": 0.0055248618784530384,
        "S": 0.022099447513812154,
        "T": 0.06077348066298342,
        "V": 0.143646408839779,
        "W": 0.022099447513812154,
        "Y": 0.011049723756906077
    },
    "-11": {
        "A": 0.06741573033707865,
        "C": 0.056179775280898875,
        "D": 0.0056179775280898875,
        "E": 0.0056179775280898875,
        "F": 0.06741573033707865,
        "G": 0.02247191011235955,
        "H": 0.0056179775280898875,
        "I": 0.05056179775280899,
        "K": 0.0056179775280898875,
        "L": 0.4101123595505618,
        "M": 0.0449438202247191,
        "N": 0.0056179775280898875,
        "P": 0.016853932584269662,
        "Q": 0.0056179775280898875,
        "R": 0.0056179775280898875,
        "S": 0.05056179775280899,
        "T": 0.033707865168539325,
        "V": 0.0898876404494382,
        "W": 0.02247191011235955,
        "Y": 0.028089887640449437
    },
    "-10": {
        "A": 0.08839779005524862,
        "C": 0.04419889502762431,
        "D": 0.0055248618784530384,
        "E": 0.011049723756906077,
        "F": 0.06629834254143646,
        "G": 0.03867403314917127,
        "H": 0.0055248618784530384,
        "I": 0.03867403314917127,
        "K": 0.011049723756906077,
        "L": 0.4419889502762431,
        "M": 0.027624309392265192,
        "N": 0.011049723756906077,
        "P": 0.0055248618784530384,
        "Q": 0.011049723756906077,
        "R": 0.0055248618784530384,
        "S": 0.03867403314917127,
        "T": 0.027624309392265192,
        "V": 0.10497237569060773,
        "W": 0.011049723756906077,
        "Y": 0.0055248618784530384
    },
    "-9": {
        "A": 0.11602209944751381,
        "C": 0.055248618784530384,
        "D": 0.0055248618784530384,
        "E": 0.0055248618784530384,
        "F": 0.03867403314917127,
        "G": 0.022099447513812154,
        "H": 0.0055248618784530384,
        "I": 0.06629834254143646,
        "K": 0.0055248618784530384,
        "L": 0.43646408839779005,
        "M": 0.011049723756906077,
        "N": 0.011049723756906077,
        "P": 0.0055248618784530384,
        "Q": 0.0055248618784530384,
        "R": 0.0055248618784530384,
        "S": 0.07734806629834254,
        "T": 0.03314917127071823,
        "V": 0.07734806629834254,
        "W": 0.011049723756906077,
        "Y": 0.0055248618784530384
    },
    "-8": {
        "A": 0.10674157303370786,
        "C": 0.06741573033707865,
        "D": 0.0056179775280898875,
        "E": 0.0056179775280898875,
        "F": 0.0449438202247191,
        "G": 0.07865168539325842,
        "H": 0.011235955056179775,
        "I": 0.033707865168539325,
        "K": 0.0056179775280898875,
        "L": 0.25842696629213485,
        "M": 0.03932584269662921,
        "N": 0.0056179775280898875,
        "P": 0.028089887640449437,
        "Q": 0.03932584269662921,
        "R": 0.011235955056179775,
        "S": 0.06179775280898876,
        "T": 0.07865168539325842,
        "V": 0.0898876404494382,
        "W": 0.016853932584269662,
        "Y": 0.011235955056179775
    },
    "-7": {
        "A": 0.10497237569060773,
        "C": 0.03867403314917127,
        "D": 0.0055248618784530384,
        "E": 0.0055248618784530384,
        "F": 0.10497237569060773,
        "G": 0.022099447513812154,
        "H": 0.011049723756906077,
        "I": 0.027624309392265192,
        "K": 0.011049723756906077,
        "L": 0.35911602209944754,
        "M": 0.016574585635359115,
        "N": 0.0055248618784530384,
        "P": 0.011049723756906077,
        "Q": 0.011049723756906077,
        "R": 0.0055248618784530384,
        "S": 0.08839779005524862,
        "T": 0.04419889502762431,
        "V": 0.06629834254143646,
        "W": 0.03867403314917127,
        "Y": 0.022099447513812154
    },
    "-6": {
        "A": 0.11920529801324503,
        "C": 0.059602649006622516,
        "D": 0.006622516556291391,
        "E": 0.006622516556291391,
        "F": 0.09271523178807947,
        "G": 0.019867549668874173,
        "H": 0.006622516556291391,
        "I": 0.059602649006622516,
        "K": 0.006622516556291391,
        "L": 0.13245033112582782,
        "M": 0.019867549668874173,
        "N": 0.006622516556291391,
        "P": 0.059602649006622516,
        "Q": 0.006622516556291391,
        "R": 0.006622516556291391,
        "S": 0.11258278145695365,
        "T": 0.052980132450331126,
        "V": 0.18543046357615894,
        "W": 0.026490066225165563,
        "Y": 0.013245033112582781
    },
    "-5": {
        "A": 0.143646408839779,
        "C": 0.03314917127071823,
        "D": 0.03314917127071823,
        "E": 0.022099447513812154,
        "F": 0.027624309392265192,
        "G": 0.11049723756906077,
        "H": 0.03314917127071823,
        "I": 0.03314917127071823,
        "K": 0.0055248618784530384,
        "L": 0.06077348066298342,
        "M": 0.0055248618784530384,
        "N": 0.022099447513812154,
        "P": 0.11602209944751381,
        "Q": 0.06077348066298342,
        "R": 0.04419889502762431,
        "S": 0.14917127071823205,
        "T": 0.0718232044198895,
        "V": 0.0055248618784530384,
        "W": 0.011049723756906077,
        "Y": 0.011049723756906077
    },
    "-4": {
        "A": 0.09142857142857143,
        "C": 0.04,
        "D": 0.022857142857142857,
        "E": 0.045714285714285714,
        "F": 0.03428571428571429,
        "G": 0.18285714285714286,
        "H": 0.005714285714285714,
        "I": 0.011428571428571429,
        "K": 0.011428571428571429,
        "L": 0.13714285714285715,
        "M": 0.005714285714285714,
        "N": 0.022857142857142857,
        "P": 0.08571428571428572,
        "Q": 0.05142857142857143,
        "R": 0.02857142857142857,
        "S": 0.06857142857142857,
        "T": 0.04,
        "V": 0.07428571428571429,
        "W": 0.022857142857142857,
        "Y": 0.017142857142857144
    },
    "-3": {
        "A": 0.26519337016574585,
        "C": 0.11049723756906077,
        "D": 0.0055248618784530384,
        "E": 0.0055248618784530384,
        "F": 0.0055248618784530384,
        "G": 0.03314917127071823,
        "H": 0.0055248618784530384,
        "I": 0.06077348066298342,
        "K": 0.0055248618784530384,
        "L": 0.049723756906077346,
        "M": 0.0055248618784530384,
        "N": 0.0055248618784530384,
        "P": 0.0055248618784530384,
        "Q": 0.0055248618784530384,
        "R": 0.0055248618784530384,
        "S": 0.13259668508287292,
        "T": 0.09944751381215469,
        "V": 0.18232044198895028,
        "W": 0.0055248618784530384,
        "Y": 0.0055248618784530384
    },
    "-2": {
        "A": 0.03867403314917127,
        "C": 0.022099447513812154,
        "D": 0.03314917127071823,
        "E": 0.04419889502762431,